<?xml version="1.0" encoding="UTF-8"?>
<XMLDB PATH="local/lessonmanagement/db" VERSION="2022030200" COMMENT="XMLDB file for Moodle local_lessonmanagement plugin" xmlns:xsi="http://www.w3.org/2001/XMLSchema-instance" xsi:noNamespaceSchemaLocation="../../../lib/xmldb/xmldb.xsd">
  <TABLES>
    <TABLE NAME="local_lessonmanagement_teachers" COMMENT="Table to store teacher assignments">
      <FIELDS>
        <FIELD NAME="id" TYPE="int" LENGTH="10" NOTNULL="true" UNSIGNED="true" AUTO_INCREMENT="true" COMMENT="Primary key"/>
        <FIELD NAME="lessonid" TYPE="int" LENGTH="10" NOTNULL="true" UNSIGNED="true" COMMENT="Lesson ID"/>
        <FIELD NAME="userid" TYPE="int" LENGTH="10" NOTNULL="true" UNSIGNED="true" COMMENT="User ID of the teacher"/>
      </FIELDS>
      <KEYS>
        <KEY NAME="primary" TYPE="primary" FIELDS="id"/>
        <KEY NAME="lessonid_userid" TYPE="unique" FIELDS="lessonid,userid"/>
      </KEYS>
    </TABLE>
  </TABLES>
</XMLDB>
